game_id,season,year
5635,33,2016
5634,33,2016
5633,33,2016
5631,33,2016
5630,33,2016
5629,33,2016
5628,33,2016
5627,33,2016
5621,33,2016
5626,33,2016
5618,33,2016
5616,33,2016
5615,33,2016
5611,33,2016
5614,33,2016
5609,33,2016
5608,33,2016
5607,33,2016
5602,33,2016
5606,33,2016
5600,33,2016
5599,33,2016
5598,33,2016
5595,33,2016
5594,33,2016
5591,33,2016
5590,33,2016
5589,33,2016
5581,33,2016
5583,33,2016
5573,33,2016
5577,33,2016
5576,33,2016
5569,33,2016
5575,33,2016
5566,33,2016
5565,33,2016
5558,33,2016
5553,33,2016
5557,33,2016
5564,33,2016
5563,33,2016
5562,33,2016
5548,33,2016
5550,33,2016
5561,33,2016
5560,33,2016
5559,33,2016
5539,33,2016
5545,33,2016
5533,33,2016
5532,33,2016
5531,33,2016
5530,33,2016
5529,33,2016
5527,33,2016
5526,33,2016
5524,33,2016
5522,33,2016
5523,33,2016
5521,33,2016
5520,33,2016
5519,33,2016
5517,33,2016
5518,33,2016
5516,33,2016
5515,33,2016
5514,33,2016
5512,33,2016
5513,33,2016
5535,33,2016
5534,33,2016
5511,33,2016
5510,33,2016
5509,33,2016
5508,33,2016
5507,33,2016
5506,33,2016
5505,33,2016
5504,33,2016
5503,33,2016
5501,33,2016
5500,33,2016
5499,33,2016
5498,33,2016
5497,33,2016
5496,33,2016
5495,33,2016
5494,33,2016
5493,33,2016
5492,33,2016
5491,33,2016
5490,33,2016
5489,33,2016
5488,33,2016
5487,33,2016
5477,33,2016
5476,33,2016
5475,33,2016
5474,33,2016
5473,33,2016
5472,33,2016
5471,33,2016
5470,33,2016
5486,33,2016
5485,33,2016
5484,33,2016
5483,33,2016
5469,33,2016
5482,33,2016
5481,33,2016
5480,33,2016
5479,33,2016
5468,33,2016
5478,33,2016
5467,33,2016
5466,33,2016
5465,33,2016
5463,33,2016
5462,33,2016
5461,33,2016
5460,33,2016
5459,33,2016
5458,33,2016
5457,33,2016
5456,33,2016
5455,33,2016
5454,33,2016
5449,33,2016
5453,33,2016
5452,33,2016
5451,33,2016
5448,33,2016
5443,33,2016
5447,33,2016
5446,33,2016
5445,33,2016
5444,33,2016
5441,33,2016
5442,33,2016
5440,33,2016
5439,33,2016
5438,33,2016
5433,33,2016
5437,33,2016
5432,33,2016
5431,33,2016
5430,33,2016
5429,33,2016
5428,33,2016
5427,33,2016
5426,33,2016
5424,33,2016
5423,33,2016
5422,33,2016
5421,33,2016
5419,33,2016
5418,33,2016
5415,33,2016
5413,33,2016
5412,33,2016
5411,33,2016
5410,33,2016
5408,33,2016
5409,33,2016
5407,33,2016
5406,33,2016
5405,33,2016
5403,33,2016
5404,33,2016
5384,32,2015
5383,32,2015
5382,32,2015
5368,32,2015
5366,32,2015
5381,32,2015
5380,32,2015
5379,32,2015
5363,32,2015
5365,32,2015
5378,32,2015
5377,32,2015
5376,32,2015
5362,32,2015
5351,32,2015
5350,32,2015
5349,32,2015
5345,32,2015
5343,32,2015
5339,32,2015
5337,32,2015
5336,32,2015
5335,32,2015
5332,32,2015
5330,32,2015
5328,32,2015
5327,32,2015
5325,32,2015
5321,32,2015
5319,32,2015
5316,32,2015
5315,32,2015
5314,32,2015
5313,32,2015
5310,32,2015
5309,32,2015
5307,32,2015
5306,32,2015
5305,32,2015
5304,32,2015
5302,32,2015
5301,32,2015
5300,32,2015
5298,32,2015
5297,32,2015
5296,32,2015
5295,32,2015
5294,32,2015
5293,32,2015
5292,32,2015
5290,32,2015
5289,32,2015
5287,32,2015
5286,32,2015
5284,32,2015
5283,32,2015
5282,32,2015
5280,32,2015
5278,32,2015
5276,32,2015
5275,32,2015
5274,32,2015
5273,32,2015
5270,32,2015
5269,32,2015
5267,32,2015
5264,32,2015
5263,32,2015
5261,32,2015
5259,32,2015
5258,32,2015
5257,32,2015
5255,32,2015
5253,32,2015
5251,32,2015
5249,32,2015
5248,32,2015
5247,32,2015
5245,32,2015
5242,32,2015
5241,32,2015
5240,32,2015
5239,32,2015
5233,32,2015
5232,32,2015
5231,32,2015
5230,32,2015
5228,32,2015
5226,32,2015
5225,32,2015
5224,32,2015
5223,32,2015
5222,32,2015
5221,32,2015
5220,32,2015
5219,32,2015
5218,32,2015
5217,32,2015
5216,32,2015
5215,32,2015
5214,32,2015
5213,32,2015
5212,32,2015
5211,32,2015
5210,32,2015
5209,32,2015
5208,32,2015
5207,32,2015
5206,32,2015
5205,32,2015
5204,32,2015
5203,32,2015
5200,32,2015
5202,32,2015
5201,32,2015
5199,32,2015
5198,32,2015
5197,32,2015
5196,32,2015
5195,32,2015
5193,32,2015
5192,32,2015
5189,32,2015
5188,32,2015
5187,32,2015
5185,32,2015
5184,32,2015
5183,32,2015
5181,32,2015
5180,32,2015
5178,32,2015
5177,32,2015
5176,32,2015
5175,32,2015
5174,32,2015
5172,32,2015
5171,32,2015
5170,32,2015
5168,32,2015
5167,32,2015
5166,32,2015
5165,32,2015
5164,32,2015
5160,32,2015
5157,32,2015
5156,32,2015
5155,32,2015
5154,32,2015
5152,32,2015
5150,32,2015
5147,32,2015
5146,32,2015
5144,32,2015
5141,32,2015
5140,32,2015
5139,32,2015
5138,32,2015
5137,32,2015
5136,32,2015
5134,32,2015
5133,32,2015
5132,32,2015
5131,32,2015
5130,32,2015
5129,32,2015
5128,32,2015
5127,32,2015
5126,32,2015
5125,32,2015
5124,32,2015
5122,32,2015
5121,32,2015
5119,32,2015
5117,32,2015
5116,32,2015
5113,32,2015
5112,32,2015
5110,32,2015
5109,32,2015
5108,32,2015
5104,32,2015
5103,32,2015
5101,32,2015
5100,32,2015
5099,32,2015
5098,32,2015
5097,32,2015
5095,32,2015
5093,32,2015
5092,32,2015
5091,32,2015
5090,32,2015
5089,32,2015
5087,32,2015
5088,32,2015
5085,32,2015
5083,32,2015
5081,32,2015
5078,32,2015
5076,32,2015
5075,32,2015
5074,32,2015
5072,32,2015
5071,32,2015
5070,32,2015
5069,32,2015
5067,32,2015
5066,32,2015
5065,32,2015
5064,32,2015
5063,32,2015
5062,32,2015
5061,32,2015
5059,32,2015
5058,32,2015
5057,32,2015
5056,32,2015
5055,32,2015
5053,32,2015
5052,32,2015
5050,32,2015
5049,32,2015
5048,32,2015
5046,32,2015
5044,32,2015
5043,32,2015
5042,32,2015
5040,32,2015
5038,32,2015
5037,32,2015
5002,31,2014
5006,31,2014
5005,31,2014
4994,31,2014
4993,31,2014
4991,31,2014
4989,31,2014
4987,31,2014
4985,31,2014
4982,31,2014
4979,31,2014
4977,31,2014
4976,31,2014
4974,31,2014
4972,31,2014
4961,31,2014
4959,31,2014
4958,31,2014
4956,31,2014
4953,31,2014
4951,31,2014
4950,31,2014
4949,31,2014
4948,31,2014
4947,31,2014
4945,31,2014
4943,31,2014
4941,31,2014
4938,31,2014
4936,31,2014
4934,31,2014
4933,31,2014
4930,31,2014
4927,31,2014
4925,31,2014
4923,31,2014
4921,31,2014
4920,31,2014
4919,31,2014
4917,31,2014
4915,31,2014
4913,31,2014
4912,31,2014
4909,31,2014
4907,31,2014
4905,31,2014
4904,31,2014
4903,31,2014
4902,31,2014
4901,31,2014
4900,31,2014
4899,31,2014
4898,31,2014
4897,31,2014
4896,31,2014
4895,31,2014
4894,31,2014
4893,31,2014
4892,31,2014
4891,31,2014
4890,31,2014
4889,31,2014
4888,31,2014
4887,31,2014
4886,31,2014
4885,31,2014
4884,31,2014
4883,31,2014
4882,31,2014
4881,31,2014
4880,31,2014
4879,31,2014
4878,31,2014
4877,31,2014
4876,31,2014
4875,31,2014
4874,31,2014
4873,31,2014
4872,31,2014
4870,31,2014
4868,31,2014
4589,30,2013
4588,30,2013
4586,30,2013
4584,30,2013
4582,30,2013
4578,30,2013
4576,30,2013
4573,30,2013
4574,30,2013
4569,30,2013
4570,30,2013
4567,30,2013
4581,30,2013
4565,30,2013
4561,30,2013
4562,30,2013
4558,30,2013
4557,30,2013
4555,30,2013
4551,30,2013
4553,30,2013
4549,30,2013
4556,30,2013
4548,30,2013
4547,30,2013
4546,30,2013
4545,30,2013
4550,30,2013
4543,30,2013
4542,30,2013
4541,30,2013
4540,30,2013
4544,30,2013
4539,30,2013
4538,30,2013
4537,30,2013
4536,30,2013
4534,30,2013
4535,30,2013
4532,30,2013
4531,30,2013
4528,30,2013
4526,30,2013
4527,30,2013
4523,30,2013
4521,30,2013
4519,30,2013
4516,30,2013
4514,30,2013
4511,30,2013
4510,30,2013
4509,30,2013
4508,30,2013
4507,30,2013
4506,30,2013
4505,30,2013
4504,30,2013
4502,30,2013
4503,30,2013
4500,30,2013
4499,30,2013
4496,30,2013
4493,30,2013
4494,30,2013
4488,30,2013
4489,30,2013
4485,30,2013
4484,30,2013
4483,30,2013
4481,30,2013
4482,30,2013
4480,30,2013
4479,30,2013
4478,30,2013
4476,30,2013
4477,30,2013
4474,30,2013
4472,30,2013
4471,30,2013
4470,30,2013
4469,30,2013
4467,30,2013
4466,30,2013
4468,30,2013
4464,30,2013
4465,30,2013
4463,30,2013
4461,30,2013
4462,30,2013
4457,30,2013
4459,30,2013
4456,30,2013
4454,30,2013
4453,30,2013
4451,30,2013
4455,30,2013
4450,30,2013
4449,30,2013
4448,30,2013
4447,30,2013
4446,30,2013
4445,30,2013
4444,30,2013
4443,30,2013
4442,30,2013
4441,30,2013
4440,30,2013
4439,30,2013
4438,30,2013
4437,30,2013
4436,30,2013
4435,30,2013
4434,30,2013
4433,30,2013
4432,30,2013
4431,30,2013
4430,30,2013
4429,30,2013
4428,30,2013
4426,30,2013
4425,30,2013
4424,30,2013
4423,30,2013
4422,30,2013
4421,30,2013
4420,30,2013
4419,30,2013
4417,30,2013
4416,30,2013
4415,30,2013
4413,30,2013
4411,30,2013
4408,30,2013
4409,30,2013
4406,30,2013
4405,30,2013
4402,30,2013
4399,30,2013
4400,30,2013
4398,30,2013
4397,30,2013
4396,30,2013
4393,30,2013
4394,30,2013
4391,30,2013
4392,30,2013
4390,30,2013
4389,30,2013
4387,30,2013
4388,30,2013
4386,30,2013
4385,30,2013
4384,30,2013
4383,30,2013
4381,30,2013
4382,30,2013
4379,30,2013
4380,30,2013
4378,30,2013
4377,30,2013
4376,30,2013
4374,30,2013
4375,30,2013
4373,30,2013
4372,30,2013
4371,30,2013
4370,30,2013
4369,30,2013
4368,30,2013
4367,30,2013
4366,30,2013
4365,30,2013
4364,30,2013
4363,30,2013
4362,30,2013
4361,30,2013
4360,30,2013
4359,30,2013
4358,30,2013
4357,30,2013
4356,30,2013
4355,30,2013
4354,30,2013
4353,30,2013
4352,30,2013
4351,30,2013
4350,30,2013
4349,30,2013
4348,30,2013
4347,30,2013
4346,30,2013
4345,30,2013
4344,30,2013
4343,30,2013
4342,30,2013
4341,30,2013
4340,30,2013
4339,30,2013
4338,30,2013
4337,30,2013
4336,30,2013
4335,30,2013
4333,30,2013
4332,30,2013
4331,30,2013
4330,30,2013
4329,30,2013
4328,30,2013
4326,30,2013
4324,30,2013
4327,30,2013
4325,30,2013
4321,30,2013
4334,30,2013
4320,30,2013
4323,30,2013
4322,30,2013
4319,30,2013
4318,30,2013
4317,30,2013
4316,30,2013
4315,30,2013
4314,30,2013
4313,30,2013
4311,30,2013
4312,30,2013
4310,30,2013
4309,30,2013
4308,30,2013
4287,29,2012
4294,29,2012
4285,29,2012
4280,29,2012
4278,29,2012
4276,29,2012
4293,29,2012
4274,29,2012
4270,29,2012
4268,29,2012
4266,29,2012
4263,29,2012
4262,29,2012
4259,29,2012
4257,29,2012
4255,29,2012
4253,29,2012
4250,29,2012
4252,29,2012
4248,29,2012
4245,29,2012
4243,29,2012
4242,29,2012
4239,29,2012
4237,29,2012
4235,29,2012
4234,29,2012
4231,29,2012
4229,29,2012
4228,29,2012
4222,29,2012
4221,29,2012
4218,29,2012
4216,29,2012
4215,29,2012
4212,29,2012
4211,29,2012
4210,29,2012
4207,29,2012
4208,29,2012
4204,29,2012
4203,29,2012
4202,29,2012
4201,29,2012
4200,29,2012
4199,29,2012
4198,29,2012
4197,29,2012
4195,29,2012
4196,29,2012
4194,29,2012
4193,29,2012
4191,29,2012
4190,29,2012
4187,29,2012
4186,29,2012
4185,29,2012
4184,29,2012
4181,29,2012
4180,29,2012
4178,29,2012
4177,29,2012
4176,29,2012
4173,29,2012
4172,29,2012
4171,29,2012
4170,29,2012
4169,29,2012
4165,29,2012
4163,29,2012
4161,29,2012
4160,29,2012
4159,29,2012
4156,29,2012
4155,29,2012
4153,29,2012
4151,29,2012
4150,29,2012
4149,29,2012
4147,29,2012
4145,29,2012
4142,29,2012
4143,29,2012
4140,29,2012
4139,29,2012
4136,29,2012
4137,29,2012
4134,29,2012
4133,29,2012
4132,29,2012
4131,29,2012
4129,29,2012
4128,29,2012
4124,29,2012
4126,29,2012
4122,29,2012
4121,29,2012
4118,29,2012
4116,29,2012
4114,29,2012
4113,29,2012
4112,29,2012
4110,29,2012
4108,29,2012
4106,29,2012
4105,29,2012
4104,29,2012
4101,29,2012
4100,29,2012
4098,29,2012
4096,29,2012
4095,29,2012
4093,29,2012
4092,29,2012
4090,29,2012
4088,29,2012
4087,29,2012
4086,29,2012
4084,29,2012
4082,29,2012
4081,29,2012
4079,29,2012
4078,29,2012
4077,29,2012
4076,29,2012
4075,29,2012
4074,29,2012
4073,29,2012
4071,29,2012
4072,29,2012
4070,29,2012
4069,29,2012
4068,29,2012
4067,29,2012
4066,29,2012
4065,29,2012
4064,29,2012
4063,29,2012
4062,29,2012
4061,29,2012
4060,29,2012
4059,29,2012
4058,29,2012
4057,29,2012
4056,29,2012
4054,29,2012
4055,29,2012
4053,29,2012
4052,29,2012
4051,29,2012
4050,29,2012
4049,29,2012
4048,29,2012
4046,29,2012
4045,29,2012
4044,29,2012
4047,29,2012
4043,29,2012
4042,29,2012
4041,29,2012
4040,29,2012
4039,29,2012
4038,29,2012
4036,29,2012
4035,29,2012
4034,29,2012
4037,29,2012
4033,29,2012
4032,29,2012
4031,29,2012
4030,29,2012
4029,29,2012
4028,29,2012
4027,29,2012
4026,29,2012
4025,29,2012
4024,29,2012
4023,29,2012
4022,29,2012
4021,29,2012
4020,29,2012
4019,29,2012
4018,29,2012
4017,29,2012
4016,29,2012
4014,29,2012
4015,29,2012
4013,29,2012
4011,29,2012
4012,29,2012
4009,29,2012
4010,29,2012
4008,29,2012
4007,29,2012
4006,29,2012
4005,29,2012
4004,29,2012
4003,29,2012
4002,29,2012
4001,29,2012
4000,29,2012
3999,29,2012
3998,29,2012
3997,29,2012
3996,29,2012
3995,29,2012
3994,29,2012
3992,29,2012
3991,29,2012
3990,29,2012
3989,29,2012
3993,29,2012
3988,29,2012
3987,29,2012
3986,29,2012
3985,29,2012
3984,29,2012
3983,29,2012
3982,29,2012
3981,29,2012
3980,29,2012
3979,29,2012
3978,29,2012
3977,29,2012
3976,29,2012
3975,29,2012
3974,29,2012
3973,29,2012
3972,29,2012
3971,29,2012
3967,28,2011
3969,28,2011
3966,28,2011
3965,28,2011
3964,28,2011
3963,28,2011
3968,28,2011
3961,28,2011
3959,28,2011
3957,28,2011
3958,28,2011
3956,28,2011
3953,28,2011
3950,28,2011
3948,28,2011
3946,28,2011
3945,28,2011
3944,28,2011
3942,28,2011
3938,28,2011
3937,28,2011
3939,28,2011
3935,28,2011
3933,28,2011
3932,28,2011
3930,28,2011
3929,28,2011
3927,28,2011
3926,28,2011
3925,28,2011
3924,28,2011
3923,28,2011
3922,28,2011
3921,28,2011
3919,28,2011
3918,28,2011
3920,28,2011
3917,28,2011
3916,28,2011
3915,28,2011
3913,28,2011
3914,28,2011
3912,28,2011
3911,28,2011
3910,28,2011
3909,28,2011
3908,28,2011
3907,28,2011
3906,28,2011
3905,28,2011
3904,28,2011
3903,28,2011
3902,28,2011
3900,28,2011
3899,28,2011
3898,28,2011
3901,28,2011
3897,28,2011
3896,28,2011
3895,28,2011
3893,28,2011
3894,28,2011
3892,28,2011
3891,28,2011
3890,28,2011
3888,28,2011
3887,28,2011
3885,28,2011
3886,28,2011
3884,28,2011
3883,28,2011
3882,28,2011
3880,28,2011
3879,28,2011
3877,28,2011
3878,28,2011
3875,28,2011
3874,28,2011
3873,28,2011
3871,28,2011
3870,28,2011
3869,28,2011
3868,28,2011
3867,28,2011
3866,28,2011
3865,28,2011
3864,28,2011
3863,28,2011
3862,28,2011
3861,28,2011
3860,28,2011
3859,28,2011
3858,28,2011
3857,28,2011
3856,28,2011
3855,28,2011
3854,28,2011
3853,28,2011
3852,28,2011
3851,28,2011
3850,28,2011
3842,28,2011
3849,28,2011
3848,28,2011
3846,28,2011
3847,28,2011
3845,28,2011
3844,28,2011
3843,28,2011
3840,28,2011
3841,28,2011
3839,28,2011
3838,28,2011
3837,28,2011
3836,28,2011
3835,28,2011
3834,28,2011
3833,28,2011
3832,28,2011
3830,28,2011
3831,28,2011
3829,28,2011
3828,28,2011
3827,28,2011
3826,28,2011
3825,28,2011
3824,28,2011
3823,28,2011
3822,28,2011
3821,28,2011
3820,28,2011
3819,28,2011
3817,28,2011
3818,28,2011
3816,28,2011
3815,28,2011
3814,28,2011
3813,28,2011
3812,28,2011
3811,28,2011
3810,28,2011
3809,28,2011
3808,28,2011
3806,28,2011
3805,28,2011
3807,28,2011
3804,28,2011
3803,28,2011
3802,28,2011
3801,28,2011
3800,28,2011
3799,28,2011
3798,28,2011
3797,28,2011
3795,28,2011
3796,28,2011
3793,28,2011
3792,28,2011
3791,28,2011
3790,28,2011
3789,28,2011
3788,28,2011
3787,28,2011
3786,28,2011
3784,28,2011
3783,28,2011
3782,28,2011
3781,28,2011
3780,28,2011
3779,28,2011
3778,28,2011
3777,28,2011
3775,28,2011
3774,28,2011
3772,28,2011
3773,28,2011
3771,28,2011
3770,28,2011
3769,28,2011
3767,28,2011
3768,28,2011
3766,28,2011
3765,28,2011
3764,28,2011
3763,28,2011
3762,28,2011
3761,28,2011
3760,28,2011
3759,28,2011
3757,28,2011
3758,28,2011
3755,28,2011
3756,28,2011
3754,28,2011
3753,28,2011
3752,28,2011
3751,28,2011
3750,28,2011
3749,28,2011
3748,28,2011
3747,28,2011
3746,28,2011
3745,28,2011
3744,28,2011
3743,28,2011
3742,28,2011
3741,28,2011
3740,28,2011
3739,28,2011
3738,28,2011
3737,28,2011
3736,28,2011
3734,28,2011
3733,28,2011
3729,28,2011
3735,28,2011
3726,28,2011
3725,28,2011
3724,28,2011
3723,28,2011
3722,28,2011
3721,28,2011
3720,28,2011
3719,28,2011
3717,28,2011
3718,28,2011
3716,28,2011
3715,28,2011
3714,28,2011
3713,27,2010
3712,27,2010
3709,27,2010
3708,27,2010
3707,27,2010
3706,27,2010
3704,27,2010
3702,27,2010
3701,27,2010
3700,27,2010
3698,27,2010
3699,27,2010
3697,27,2010
3696,27,2010
3695,27,2010
3694,27,2010
3693,27,2010
3692,27,2010
3691,27,2010
3690,27,2010
3689,27,2010
3688,27,2010
3687,27,2010
3686,27,2010
3685,27,2010
3682,27,2010
3684,27,2010
3678,27,2010
3677,27,2010
3675,27,2010
3673,27,2010
3672,27,2010
3669,27,2010
3667,27,2010
3668,27,2010
3664,27,2010
3663,27,2010
3662,27,2010
3661,27,2010
3660,27,2010
3659,27,2010
3658,27,2010
3657,27,2010
3656,27,2010
3655,27,2010
3653,27,2010
3654,27,2010
3652,27,2010
3651,27,2010
3650,27,2010
3649,27,2010
3648,27,2010
3647,27,2010
3646,27,2010
3645,27,2010
3644,27,2010
3643,27,2010
3642,27,2010
3641,27,2010
3640,27,2010
3638,27,2010
3639,27,2010
3637,27,2010
3636,27,2010
3635,27,2010
3633,27,2010
3634,27,2010
3632,27,2010
3631,27,2010
3630,27,2010
3629,27,2010
3628,27,2010
3627,27,2010
3626,27,2010
3624,27,2010
3623,27,2010
3622,27,2010
3621,27,2010
3620,27,2010
3619,27,2010
3618,27,2010
3617,27,2010
3616,27,2010
3615,27,2010
3614,27,2010
3612,27,2010
3613,27,2010
3611,27,2010
3610,27,2010
3609,27,2010
3608,27,2010
3607,27,2010
3606,27,2010
3605,27,2010
3604,27,2010
3602,27,2010
3600,27,2010
3599,27,2010
3598,27,2010
3597,27,2010
3596,27,2010
3594,27,2010
3593,27,2010
3591,27,2010
3592,27,2010
3589,27,2010
3590,27,2010
3588,27,2010
3587,27,2010
3586,27,2010
3584,27,2010
3583,27,2010
3582,27,2010
3581,27,2010
3580,27,2010
3579,27,2010
3578,27,2010
3577,27,2010
3574,27,2010
3572,27,2010
3571,27,2010
3570,27,2010
3569,27,2010
3566,27,2010
3567,27,2010
3565,27,2010
3564,27,2010
3563,27,2010
3561,27,2010
3562,27,2010
3560,27,2010
3559,27,2010
3558,27,2010
3557,27,2010
3556,27,2010
3555,27,2010
3554,27,2010
3553,27,2010
3550,27,2010
3551,27,2010
3549,27,2010
3547,27,2010
3548,27,2010
3545,27,2010
3546,27,2010
3544,27,2010
3543,27,2010
3542,27,2010
3539,27,2010
3541,27,2010
3540,27,2010
3538,27,2010
3537,27,2010
3536,27,2010
3535,27,2010
3534,27,2010
3533,27,2010
3532,27,2010
3531,27,2010
3530,27,2010
3529,27,2010
3528,27,2010
3527,27,2010
3526,27,2010
3525,27,2010
3524,27,2010
3523,27,2010
3522,27,2010
3521,27,2010
3520,27,2010
3519,27,2010
3518,27,2010
3517,27,2010
3515,27,2010
3516,27,2010
3513,27,2010
3511,27,2010
3510,27,2010
3508,27,2010
3506,27,2010
3507,27,2010
3505,27,2010
3504,27,2010
3503,27,2010
3502,27,2010
3500,27,2010
3499,27,2010
3498,27,2010
3496,27,2010
3497,27,2010
3495,27,2010
3494,27,2010
3493,27,2010
3492,27,2010
3491,27,2010
3490,27,2010
3489,27,2010
3488,27,2010
3487,27,2010
3486,27,2010
3485,27,2010
3484,27,2010
3483,27,2010
3482,27,2010
3481,27,2010
3480,27,2010
3479,27,2010
3478,27,2010
3477,27,2010
3476,27,2010
3475,27,2010
5637,33,2016
4867,31,2014
4866,31,2014
4865,31,2014
4864,31,2014
4863,31,2014
4862,31,2014
4861,31,2014
4860,31,2014
4857,31,2014
4859,31,2014
4858,31,2014
4856,31,2014
4855,31,2014
4854,31,2014
4851,31,2014
4853,31,2014
4852,31,2014
4850,31,2014
4849,31,2014
4848,31,2014
4847,31,2014
4846,31,2014
4843,31,2014
4841,31,2014
4840,31,2014
4845,31,2014
4844,31,2014
4837,31,2014
4835,31,2014
4839,31,2014
4838,31,2014
4833,31,2014
4828,31,2014
4825,31,2014
4829,31,2014
4842,31,2014
4819,31,2014
4817,31,2014
4816,31,2014
4813,31,2014
4818,31,2014
4812,31,2014
4811,31,2014
4809,31,2014
4806,31,2014
4805,31,2014
4803,31,2014
4801,31,2014
4800,31,2014
4797,31,2014
4798,31,2014
4795,31,2014
4794,31,2014
4792,31,2014
4790,31,2014
4789,31,2014
4787,31,2014
4786,31,2014
4785,31,2014
4784,31,2014
4783,31,2014
4781,31,2014
4780,31,2014
4779,31,2014
4778,31,2014
4777,31,2014
4776,31,2014
4775,31,2014
4774,31,2014
4773,31,2014
4772,31,2014
4771,31,2014
4770,31,2014
4769,31,2014
4768,31,2014
4762,31,2014
4761,31,2014
4756,31,2014
4755,31,2014
4754,31,2014
4753,31,2014
4752,31,2014
4750,31,2014
4749,31,2014
4748,31,2014
4747,31,2014
4746,31,2014
4745,31,2014
4744,31,2014
4742,31,2014
4741,31,2014
4740,31,2014
4739,31,2014
4738,31,2014
4737,31,2014
4736,31,2014
4735,31,2014
4734,31,2014
4732,31,2014
4731,31,2014
4730,31,2014
4729,31,2014
4728,31,2014
4726,31,2014
4725,31,2014
4724,31,2014
4722,31,2014
4721,31,2014
4720,31,2014
4719,31,2014
4723,31,2014
4718,31,2014
4717,31,2014
4716,31,2014
4715,31,2014
4714,31,2014
4713,31,2014
4712,31,2014
4711,31,2014
4708,31,2014
4707,31,2014
4703,31,2014
4701,31,2014
4700,31,2014
4698,31,2014
4706,31,2014
4696,31,2014
4695,31,2014
4694,31,2014
4691,31,2014
4688,31,2014
4687,31,2014
4690,31,2014
4689,31,2014
4685,31,2014
4682,31,2014
4681,31,2014
4684,31,2014
4683,31,2014
4679,31,2014
4680,31,2014
4668,31,2014
4667,31,2014
4666,31,2014
4653,31,2014
4651,31,2014
4649,31,2014
4650,31,2014
4648,31,2014
3474,27,2010
3473,27,2010
3472,27,2010
3471,27,2010
3470,27,2010
3469,27,2010
3468,27,2010
3466,27,2010
3467,27,2010
3465,27,2010
3464,27,2010
3463,27,2010
3462,27,2010
3461,27,2010
3460,27,2010
3459,27,2010
3458,27,2010
3448,26,2009
3447,26,2009
3449,26,2009
3446,26,2009
3445,26,2009
3444,26,2009
3443,26,2009
3442,26,2009
3441,26,2009
3440,26,2009
3439,26,2009
3438,26,2009
3437,26,2009
3435,26,2009
3434,26,2009
3433,26,2009
3432,26,2009
3431,26,2009
3430,26,2009
3428,26,2009
3427,26,2009
3426,26,2009
3425,26,2009
3424,26,2009
3423,26,2009
3422,26,2009
3421,26,2009
3420,26,2009
3419,26,2009
3418,26,2009
3417,26,2009
3416,26,2009
3415,26,2009
3414,26,2009
3413,26,2009
3412,26,2009
3411,26,2009
3410,26,2009
3408,26,2009
3407,26,2009
3406,26,2009
3405,26,2009
3404,26,2009
3403,26,2009
3402,26,2009
3401,26,2009
3400,26,2009
3399,26,2009
3398,26,2009
3397,26,2009
3396,26,2009
3395,26,2009
3394,26,2009
3393,26,2009
3392,26,2009
3391,26,2009
3390,26,2009
3389,26,2009
3388,26,2009
3387,26,2009
3386,26,2009
3384,26,2009
3385,26,2009
3383,26,2009
3381,26,2009
3380,26,2009
3379,26,2009
3378,26,2009
3376,26,2009
3375,26,2009
3372,26,2009
3371,26,2009
3370,26,2009
3369,26,2009
3368,26,2009
3367,26,2009
3366,26,2009
3365,26,2009
3364,26,2009
3363,26,2009
3362,26,2009
3361,26,2009
3360,26,2009
3359,26,2009
3358,26,2009
3357,26,2009
3356,26,2009
3355,26,2009
3354,26,2009
3353,26,2009
3352,26,2009
3351,26,2009
3350,26,2009
3349,26,2009
3348,26,2009
3347,26,2009
3346,26,2009
3345,26,2009
3344,26,2009
3343,26,2009
3341,26,2009
3340,26,2009
3339,26,2009
3338,26,2009
3337,26,2009
3335,26,2009
3334,26,2009
3333,26,2009
3332,26,2009
3331,26,2009
3329,26,2009
3328,26,2009
3327,26,2009
3325,26,2009
3323,26,2009
3322,26,2009
3321,26,2009
3319,26,2009
3318,26,2009
3317,26,2009
3314,26,2009
3312,26,2009
3311,26,2009
3309,26,2009
3307,26,2009
3306,26,2009
3305,26,2009
3303,26,2009
3301,26,2009
3300,26,2009
3298,26,2009
3296,26,2009
3295,26,2009
3293,26,2009
3291,26,2009
3290,26,2009
3288,26,2009
3287,26,2009
3285,26,2009
3283,26,2009
3282,26,2009
3280,26,2009
3279,26,2009
3277,26,2009
3275,26,2009
3274,26,2009
3273,26,2009
3271,26,2009
3269,26,2009
3268,26,2009
3266,26,2009
3265,26,2009
3264,26,2009
3263,26,2009
3261,26,2009
3259,26,2009
3257,26,2009
3258,26,2009
3256,26,2009
3255,26,2009
3252,26,2009
3250,26,2009
3249,26,2009
3254,26,2009
3253,26,2009
3246,26,2009
3244,26,2009
3242,26,2009
3240,26,2009
3239,26,2009
3237,26,2009
3235,26,2009
3232,26,2009
3231,26,2009
3229,26,2009
3228,26,2009
3227,26,2009
3226,26,2009
3224,26,2009
3223,26,2009
3222,26,2009
3219,26,2009
3217,26,2009
3215,26,2009
3213,26,2009
3212,26,2009
3210,26,2009
3209,26,2009
3206,26,2009
3204,26,2009
3203,26,2009
3201,26,2009
3200,26,2009
3198,26,2009
3197,26,2009
3196,26,2009
3195,26,2009
3194,26,2009
3193,26,2009
3190,26,2009
3189,26,2009
3185,26,2009
3184,26,2009
3181,26,2009
3179,26,2009
3178,26,2009
3176,26,2009
3173,26,2009
3171,26,2009
3169,26,2009
3168,26,2009
3165,26,2009
3164,26,2009
3161,26,2009
3159,26,2009
3158,26,2009
3155,26,2009
3153,26,2009
3152,26,2009
3151,26,2009
3150,26,2009
3148,26,2009
3146,26,2009
3145,26,2009
3143,26,2009
3141,26,2009
3139,26,2009
3137,26,2009
3135,26,2009
3110,25,2008
3109,25,2008
3108,25,2008
3106,25,2008
3104,25,2008
3102,25,2008
3100,25,2008
3098,25,2008
3096,25,2008
3095,25,2008
3093,25,2008
3090,25,2008
3087,25,2008
3086,25,2008
3085,25,2008
3083,25,2008
3082,25,2008
3080,25,2008
3079,25,2008
3078,25,2008
3076,25,2008
3077,25,2008
3072,25,2008
3071,25,2008
3068,25,2008
3063,25,2008
3070,25,2008
3059,25,2008
3057,25,2008
3054,25,2008
3048,25,2008
3046,25,2008
3044,25,2008
3043,25,2008
3040,25,2008
3038,25,2008
3039,25,2008
3036,25,2008
3033,25,2008
3030,25,2008
3027,25,2008
3028,25,2008
3024,25,2008
3021,25,2008
3019,25,2008
3017,25,2008
3018,25,2008
3016,25,2008
3014,25,2008
3012,25,2008
3008,25,2008
3007,25,2008
3006,25,2008
3005,25,2008
3004,25,2008
3003,25,2008
3002,25,2008
3001,25,2008
3000,25,2008
2999,25,2008
2994,25,2008
2993,25,2008
2992,25,2008
2991,25,2008
2990,25,2008
2989,25,2008
2988,25,2008
2987,25,2008
2986,25,2008
2985,25,2008
2984,25,2008
2983,25,2008
2982,25,2008
2981,25,2008
2980,25,2008
2979,25,2008
2978,25,2008
2977,25,2008
2976,25,2008
2975,25,2008
2974,25,2008
2973,25,2008
2972,25,2008
2971,25,2008
2970,25,2008
2968,25,2008
2969,25,2008
2967,25,2008
2966,25,2008
2965,25,2008
2963,25,2008
2962,25,2008
2961,25,2008
2960,25,2008
2959,25,2008
2958,25,2008
2957,25,2008
2955,25,2008
2956,25,2008
2954,25,2008
2953,25,2008
2952,25,2008
2951,25,2008
2940,25,2008
2939,25,2008
2938,25,2008
2937,25,2008
2936,25,2008
2935,25,2008
2934,25,2008
2932,25,2008
2931,25,2008
2930,25,2008
2929,25,2008
2928,25,2008
2917,25,2008
2916,25,2008
2915,25,2008
2909,25,2008
2908,25,2008
2906,25,2008
2905,25,2008
2904,25,2008
2898,25,2008
2897,25,2008
2896,25,2008
2892,25,2008
2891,25,2008
2887,25,2008
2886,25,2008
2884,25,2008
2885,25,2008
2883,25,2008
2882,25,2008
2874,25,2008
2873,25,2008
2872,25,2008
2871,25,2008
2869,25,2008
2868,25,2008
2859,25,2008
2858,25,2008
2857,25,2008
2856,25,2008
2855,25,2008
2854,25,2008
2853,25,2008
2852,25,2008
2851,25,2008
2850,25,2008
2837,25,2008
2836,25,2008
2835,25,2008
2834,25,2008
2833,25,2008
2832,25,2008
2827,25,2008
2826,25,2008
2825,25,2008
2824,25,2008
2823,25,2008
2822,25,2008
2821,25,2008
2820,25,2008
2819,25,2008
2817,25,2008
2818,25,2008
2816,25,2008
2815,25,2008
2814,25,2008
2811,25,2008
2812,25,2008
2796,25,2008
2795,25,2008
2794,25,2008
2792,25,2008
2793,25,2008
2791,25,2008
2790,25,2008
2789,25,2008
2774,25,2008
2788,25,2008
2773,25,2008
2772,25,2008
2771,25,2008
2762,25,2008
2760,25,2008
2759,25,2008
2758,25,2008
2757,25,2008
2756,25,2008
2755,25,2008
2754,25,2008
2753,25,2008
2752,25,2008
2750,25,2008
2749,25,2008
2748,25,2008
2747,25,2008
2737,25,2008
2736,25,2008
2734,25,2008
2733,25,2008
2728,25,2008
2727,25,2008
2725,25,2008
2724,25,2008
2720,25,2008
2710,25,2008
2709,25,2008
2707,25,2008
2706,25,2008
2702,25,2008
2701,25,2008
2698,25,2008
2691,25,2008
2692,25,2008
2690,25,2008
2689,25,2008
2688,25,2008
2685,25,2008
2686,25,2008
2681,25,2008
2680,25,2008
2679,25,2008
2677,25,2008
2676,25,2008
2674,25,2008
2673,25,2008
2672,25,2008
2581,24,2007
2579,24,2007
2576,24,2007
2574,24,2007
2573,24,2007
2566,24,2007
2565,24,2007
2561,24,2007
2560,24,2007
2559,24,2007
2552,24,2007
2553,24,2007
2548,24,2007
2546,24,2007
2544,24,2007
2543,24,2007
2542,24,2007
2541,24,2007
2539,24,2007
2538,24,2007
2537,24,2007
2526,24,2007
2525,24,2007
2524,24,2007
2521,24,2007
2518,24,2007
2517,24,2007
2516,24,2007
2515,24,2007
2514,24,2007
2511,24,2007
2512,24,2007
2510,24,2007
2509,24,2007
2508,24,2007
2507,24,2007
2506,24,2007
2504,24,2007
2501,24,2007
2500,24,2007
2497,24,2007
2495,24,2007
2492,24,2007
2491,24,2007
2489,24,2007
2487,24,2007
2488,24,2007
2486,24,2007
2484,24,2007
2483,24,2007
2471,24,2007
2470,24,2007
2469,24,2007
2468,24,2007
2467,24,2007
2466,24,2007
2465,24,2007
2455,24,2007
2454,24,2007
2453,24,2007
2452,24,2007
2451,24,2007
2450,24,2007
2449,24,2007
2448,24,2007
2439,24,2007
2438,24,2007
2437,24,2007
2434,24,2007
2431,24,2007
2430,24,2007
2422,24,2007
2417,24,2007
2416,24,2007
2415,24,2007
2414,24,2007
2413,24,2007
2412,24,2007
2411,24,2007
2410,24,2007
2397,24,2007
2393,24,2007
2392,24,2007
2391,24,2007
2390,24,2007
2382,24,2007
2379,24,2007
2377,24,2007
2376,24,2007
2375,24,2007
2374,24,2007
2373,24,2007
2372,24,2007
2371,24,2007
2370,24,2007
2369,24,2007
2368,24,2007
2367,24,2007
2366,24,2007
2365,24,2007
2364,24,2007
2363,24,2007
2362,24,2007
2361,24,2007
2360,24,2007
2359,24,2007
2358,24,2007
2357,24,2007
2349,24,2007
2348,24,2007
2347,24,2007
2346,24,2007
2345,24,2007
2344,24,2007
2343,24,2007
2330,24,2007
2329,24,2007
2327,24,2007
2326,24,2007
2325,24,2007
2324,24,2007
2323,24,2007
2322,24,2007
2320,24,2007
2321,24,2007
2306,24,2007
2305,24,2007
2304,24,2007
2303,24,2007
2302,24,2007
2301,24,2007
2300,24,2007
2299,24,2007
2289,24,2007
2288,24,2007
2287,24,2007
2286,24,2007
2285,24,2007
2284,24,2007
2283,24,2007
2274,24,2007
2273,24,2007
2272,24,2007
2271,24,2007
2270,24,2007
2268,24,2007
2269,24,2007
2267,24,2007
2266,24,2007
2261,24,2007
2252,24,2007
2244,24,2007
2253,24,2007
2243,24,2007
2242,24,2007
2241,24,2007
2240,24,2007
2239,24,2007
2238,24,2007
2231,24,2007
2230,24,2007
2229,24,2007
2228,24,2007
2227,24,2007
2226,24,2007
2225,24,2007
2224,24,2007
2223,24,2007
2222,24,2007
2207,24,2007
2204,24,2007
2202,24,2007
2201,24,2007
2200,24,2007
2199,24,2007
2198,24,2007
2194,24,2007
2193,24,2007
2192,24,2007
2191,24,2007
2175,24,2007
2174,24,2007
2173,24,2007
2171,24,2007
2170,24,2007
2163,24,2007
2160,24,2007
2162,24,2007
2159,24,2007
2158,24,2007
2152,24,2007
2151,24,2007
2147,24,2007
2146,24,2007
2141,24,2007
2143,24,2007
2134,24,2007
2142,24,2007
2130,24,2007
2128,24,2007
2127,24,2007
2126,24,2007
2125,24,2007
2124,24,2007
2122,24,2007
2123,24,2007
2109,24,2007
2107,24,2007
2105,24,2007
2100,24,2007
2102,24,2007
2096,24,2007
2094,24,2007
2092,24,2007
2090,24,2007
2086,24,2007
2085,24,2007
2081,24,2007
2078,24,2007
2075,24,2007
2072,24,2007
2070,24,2007
2067,24,2007
2066,24,2007
2063,24,2007
2061,24,2007
2059,24,2007
2055,24,2007
2053,24,2007
1989,23,2006
1988,23,2006
1987,23,2006
1986,23,2006
1984,23,2006
1983,23,2006
1981,23,2006
1973,23,2006
1972,23,2006
1971,23,2006
1968,23,2006
1967,23,2006
1969,23,2006
1951,23,2006
1950,23,2006
1949,23,2006
1947,23,2006
1948,23,2006
1939,23,2006
1938,23,2006
1931,23,2006
1929,23,2006
1926,23,2006
1924,23,2006
1923,23,2006
1921,23,2006
1922,23,2006
1915,23,2006
1911,23,2006
1909,23,2006
1905,23,2006
1903,23,2006
1902,23,2006
1898,23,2006
1897,23,2006
1894,23,2006
1895,23,2006
1886,23,2006
1884,23,2006
1883,23,2006
1880,23,2006
1879,23,2006
1878,23,2006
1875,23,2006
1874,23,2006
1872,23,2006
1871,23,2006
1870,23,2006
1869,23,2006
1868,23,2006
1865,23,2006
1864,23,2006
1860,23,2006
1858,23,2006
1856,23,2006
1851,23,2006
1850,23,2006
1846,23,2006
1844,23,2006
1842,23,2006
1838,23,2006
1835,23,2006
1832,23,2006
1829,23,2006
1828,23,2006
1817,23,2006
1814,23,2006
1813,23,2006
1811,23,2006
1810,23,2006
1805,23,2006
1804,23,2006
1803,23,2006
1802,23,2006
1801,23,2006
1800,23,2006
1799,23,2006
1798,23,2006
1797,23,2006
1796,23,2006
1795,23,2006
1794,23,2006
1793,23,2006
1792,23,2006
1791,23,2006
1788,23,2006
1787,23,2006
1786,23,2006
1785,23,2006
1784,23,2006
1782,23,2006
1783,23,2006
1781,23,2006
1780,23,2006
1779,23,2006
1776,23,2006
1775,23,2006
1774,23,2006
1773,23,2006
1772,23,2006
1771,23,2006
1770,23,2006
1769,23,2006
1768,23,2006
1767,23,2006
1766,23,2006
1765,23,2006
1764,23,2006
1763,23,2006
1762,23,2006
1761,23,2006
1760,23,2006
1759,23,2006
1758,23,2006
1757,23,2006
1755,23,2006
1754,23,2006
1717,23,2006
1716,23,2006
1715,23,2006
1701,23,2006
1700,23,2006
1699,23,2006
1698,23,2006
1690,23,2006
1681,23,2006
1678,23,2006
1677,23,2006
1676,23,2006
1675,23,2006
1659,23,2006
1658,23,2006
1655,23,2006
1642,23,2006
1641,23,2006
1640,23,2006
1638,23,2006
1637,23,2006
1632,23,2006
1631,23,2006
1621,23,2006
1620,23,2006
1614,23,2006
1608,23,2006
1607,23,2006
1550,23,2006
1518,23,2006
1516,23,2006
1502,23,2006
1501,23,2006
1498,23,2006
1497,23,2006
1496,23,2006
1495,23,2006
1483,23,2006
1480,23,2006
1479,23,2006
1478,23,2006
1469,23,2006
1463,23,2006
1455,23,2006
1454,23,2006
1448,23,2006
1447,23,2006
1446,23,2006
1433,23,2006
1432,23,2006
1431,23,2006
1425,23,2006
1424,23,2006
1409,23,2006
1407,23,2006
1406,23,2006
1405,23,2006
1404,23,2006
1392,23,2006
1391,23,2006
1390,23,2006
1384,23,2006
1383,23,2006
1382,23,2006
1381,23,2006
1380,23,2006
1379,23,2006
1378,23,2006
1365,23,2006
1364,23,2006
1363,23,2006
1351,23,2006
1350,23,2006
1340,23,2006
1334,23,2006
1322,23,2006
1321,23,2006
1320,23,2006
1319,23,2006
1318,23,2006
1310,23,2006
1308,23,2006
1307,23,2006
1301,23,2006
1299,23,2006
1296,23,2006
1294,23,2006
1292,23,2006
1290,23,2006
1289,23,2006
1288,23,2006
1287,23,2006
1286,23,2006
1277,23,2006
1276,23,2006
1274,23,2006
1273,23,2006
1272,23,2006
1266,23,2006
1263,23,2006
1262,23,2006
1257,23,2006
1256,23,2006
1255,23,2006
1254,23,2006
1253,23,2006
1252,23,2006
1251,23,2006
1236,23,2006
1235,23,2006
1234,23,2006
1233,23,2006
1232,23,2006
1175,22,2005
1174,22,2005
1173,22,2005
1172,22,2005
1171,22,2005
1170,22,2005
1164,22,2005
1158,22,2005
1157,22,2005
1156,22,2005
1130,22,2005
1125,22,2005
1118,22,2005
1116,22,2005
1114,22,2005
1110,22,2005
1111,22,2005
1107,22,2005
1106,22,2005
1099,22,2005
1082,22,2005
1080,22,2005
1078,22,2005
1071,22,2005
1068,22,2005
1060,22,2005
1058,22,2005
1052,22,2005
1051,22,2005
1048,22,2005
1043,22,2005
1041,22,2005
1040,22,2005
1038,22,2005
1024,22,2005
1023,22,2005
1019,22,2005
1017,22,2005
1014,22,2005
1013,22,2005
995,22,2005
993,22,2005
986,22,2005
984,22,2005
983,22,2005
980,22,2005
979,22,2005
977,22,2005
975,22,2005
973,22,2005
971,22,2005
969,22,2005
968,22,2005
966,22,2005
965,22,2005
962,22,2005
959,22,2005
958,22,2005
956,22,2005
954,22,2005
950,22,2005
949,22,2005
946,22,2005
944,22,2005
943,22,2005
938,22,2005
936,22,2005
933,22,2005
930,22,2005
927,22,2005
923,22,2005
918,22,2005
917,22,2005
915,22,2005
913,22,2005
910,22,2005
906,22,2005
904,22,2005
901,22,2005
898,22,2005
891,22,2005
892,22,2005
887,22,2005
885,22,2005
882,22,2005
879,22,2005
876,22,2005
873,22,2005
871,22,2005
869,22,2005
858,22,2005
856,22,2005
853,22,2005
851,22,2005
849,22,2005
844,22,2005
843,22,2005
840,22,2005
837,22,2005
836,22,2005
831,22,2005
829,22,2005
827,22,2005
824,22,2005
822,22,2005
817,22,2005
814,22,2005
811,22,2005
809,22,2005
808,22,2005
804,22,2005
799,22,2005
796,22,2005
794,22,2005
791,22,2005
787,22,2005
784,22,2005
782,22,2005
779,22,2005
778,22,2005
774,22,2005
772,22,2005
769,22,2005
767,22,2005
765,22,2005
760,22,2005
758,22,2005
756,22,2005
753,22,2005
752,22,2005
748,22,2005
746,22,2005
743,22,2005
741,22,2005
740,22,2005
733,22,2005
730,22,2005
726,22,2005
722,22,2005
720,22,2005
714,22,2005
711,22,2005
707,22,2005
705,22,2005
703,22,2005
699,22,2005
697,22,2005
694,22,2005
691,22,2005
690,22,2005
687,22,2005
686,22,2005
683,22,2005
681,22,2005
679,22,2005
676,22,2005
675,22,2005
674,22,2005
671,22,2005
669,22,2005
666,22,2005
665,22,2005
662,22,2005
661,22,2005
658,22,2005
655,22,2005
653,22,2005
651,22,2005
648,22,2005
646,22,2005
643,22,2005
641,22,2005
639,22,2005
637,22,2005
634,22,2005
630,22,2005
627,22,2005
625,22,2005
623,22,2005
620,22,2005
616,22,2005
613,22,2005
615,22,2005
610,22,2005
608,22,2005
605,22,2005
603,22,2005
601,22,2005
599,22,2005
598,22,2005
595,22,2005
594,22,2005
592,22,2005
590,22,2005
588,22,2005
585,22,2005
583,22,2005
581,22,2005
579,22,2005
578,22,2005
575,22,2005
573,22,2005
571,22,2005
569,22,2005
567,22,2005
563,22,2005
558,22,2005
555,22,2005
552,22,2005
550,22,2005
544,22,2005
542,22,2005
540,22,2005
538,22,2005
535,22,2005
532,22,2005
530,22,2005
527,22,2005
523,22,2005
521,22,2005
519,22,2005
517,22,2005
515,22,2005
513,22,2005
512,22,2005
509,22,2005
507,22,2005
506,22,2005
503,22,2005
487,22,2005
459,21,2004
457,21,2004
455,21,2004
453,21,2004
452,21,2004
448,21,2004
447,21,2004
444,21,2004
442,21,2004
439,21,2004
433,21,2004
431,21,2004
428,21,2004
426,21,2004
424,21,2004
422,21,2004
421,21,2004
418,21,2004
416,21,2004
414,21,2004
411,21,2004
410,21,2004
408,21,2004
405,21,2004
401,21,2004
397,21,2004
394,21,2004
390,21,2004
388,21,2004
387,21,2004
382,21,2004
381,21,2004
379,21,2004
378,21,2004
377,21,2004
370,21,2004
366,21,2004
357,21,2004
350,21,2004
346,21,2004
337,21,2004
334,21,2004
330,21,2004
329,21,2004
328,21,2004
324,21,2004
323,21,2004
322,21,2004
321,21,2004
314,21,2004
313,21,2004
312,21,2004
311,21,2004
310,21,2004
309,21,2004
305,21,2004
304,21,2004
301,21,2004
300,21,2004
298,21,2004
293,21,2004
291,21,2004
289,21,2004
288,21,2004
287,21,2004
284,21,2004
282,21,2004
281,21,2004
279,21,2004
272,21,2004
273,21,2004
271,21,2004
268,21,2004
267,21,2004
266,21,2004
262,21,2004
260,21,2004
259,21,2004
258,21,2004
255,21,2004
250,21,2004
248,21,2004
245,21,2004
243,21,2004
242,21,2004
238,21,2004
237,21,2004
235,21,2004
233,21,2004
227,21,2004
225,21,2004
221,21,2004
219,21,2004
208,21,2004
207,21,2004
202,21,2004
200,21,2004
198,21,2004
193,21,2004
189,21,2004
185,21,2004
183,21,2004
175,21,2004
176,21,2004
172,21,2004
168,21,2004
166,21,2004
163,21,2004
162,21,2004
161,21,2004
158,21,2004
155,21,2004
153,21,2004
151,21,2004
149,21,2004
146,21,2004
144,21,2004
142,21,2004
141,21,2004
139,21,2004
135,21,2004
133,21,2004
130,21,2004
129,21,2004
127,21,2004
123,21,2004
122,21,2004
120,21,2004
118,21,2004
117,21,2004
114,21,2004
113,21,2004
111,21,2004
110,21,2004
109,21,2004
108,21,2004
107,21,2004
106,21,2004
104,21,2004
103,21,2004
102,21,2004
100,21,2004
99,21,2004
98,21,2004
97,21,2004
96,21,2004
95,21,2004
94,21,2004
91,21,2004
89,21,2004
87,21,2004
82,21,2004
78,21,2004
77,21,2004
76,21,2004
75,21,2004
74,21,2004
73,21,2004
72,21,2004
71,21,2004
70,21,2004
69,21,2004
68,21,2004
67,21,2004
66,21,2004
65,21,2004
64,21,2004
63,21,2004
62,21,2004
61,21,2004
60,21,2004
59,21,2004
58,21,2004
57,21,2004
56,21,2004
55,21,2004
54,21,2004
53,21,2004
52,21,2004
51,21,2004
50,21,2004
49,21,2004
48,21,2004
47,21,2004
46,21,2004
45,21,2004
44,21,2004
43,21,2004
42,21,2004
41,21,2004
40,21,2004
39,21,2004
38,21,2004
37,21,2004
36,21,2004
35,21,2004
34,21,2004
33,21,2004
32,21,2004
31,21,2004
30,21,2004
29,21,2004
28,21,2004
27,21,2004
26,21,2004
25,21,2004
24,21,2004
23,21,2004
22,21,2004
21,21,2004
20,21,2004
19,21,2004
18,21,2004
17,21,2004
16,21,2004
15,21,2004
14,21,2004
13,21,2004
12,21,2004
11,21,2004
10,21,2004
9,21,2004
8,21,2004
7,21,2004
6,21,2004
5,21,2004
4,21,2004
3,21,2004
2,21,2004
1,21,2004
920,20,2003
2732,20,2003
2731,20,2003
2730,20,2003
2729,20,2003
2485,20,2003
2723,20,2003
2722,20,2003
2721,20,2003
2705,20,2003
2704,20,2003
2703,20,2003
2700,20,2003
2699,20,2003
2697,20,2003
2696,20,2003
2695,20,2003
2694,20,2003
2693,20,2003
2687,20,2003
2684,20,2003
2683,20,2003
2682,20,2003
2678,20,2003
2675,20,2003
1619,20,2003
1613,20,2003
1612,20,2003
1611,20,2003
1610,20,2003
1594,20,2003
1587,20,2003
1576,20,2003
1552,20,2003
1551,20,2003
1539,20,2003
1517,20,2003
224,20,2003
2646,20,2003
2645,20,2003
2644,20,2003
2642,20,2003
2641,20,2003
2640,20,2003
2639,20,2003
2638,20,2003
2637,20,2003
2636,20,2003
2614,20,2003
2608,20,2003
2606,20,2003
2603,20,2003
2602,20,2003
2601,20,2003
2594,20,2003
2590,20,2003
2588,20,2003
3192,20,2003
3191,20,2003
3188,20,2003
3187,20,2003
3186,20,2003
3183,20,2003
3182,20,2003
3180,20,2003
3177,20,2003
3175,20,2003
3174,20,2003
3172,20,2003
3170,20,2003
3167,20,2003
3166,20,2003
3163,20,2003
3162,20,2003
3160,20,2003
3115,20,2003
3157,20,2003
3156,20,2003
3154,20,2003
3149,20,2003
3147,20,2003
3316,20,2003
3315,20,2003
3313,20,2003
3310,20,2003
3308,20,2003
3304,20,2003
3302,20,2003
3299,20,2003
3297,20,2003
3294,20,2003
3292,20,2003
3289,20,2003
3286,20,2003
3284,20,2003
3281,20,2003
3278,20,2003
3276,20,2003
3272,20,2003
3270,20,2003
3267,20,2003
3262,20,2003
3260,20,2003
3251,20,2003
3248,20,2003
3247,20,2003
3245,20,2003
3243,20,2003
3241,20,2003
4579,20,2003
4743,20,2003
4751,20,2003
4791,20,2003
4793,20,2003
4796,20,2003
4799,20,2003
4802,20,2003
4804,20,2003
4808,20,2003
3238,20,2003
3236,20,2003
3233,20,2003
3230,20,2003
2907,20,2003
3225,20,2003
3221,20,2003
3220,20,2003
3218,20,2003
3216,20,2003
3214,20,2003
3211,20,2003
3208,20,2003
3207,20,2003
3205,20,2003
3202,20,2003
3199,20,2003
3144,20,2003
3084,20,2003
3142,20,2003
3140,20,2003
3138,20,2003
3136,20,2003
3134,20,2003
3133,20,2003
4642,20,2003
4641,20,2003
4640,20,2003
4639,20,2003
4638,20,2003
4637,20,2003
4636,20,2003
4635,20,2003
4634,20,2003
4633,20,2003
4631,20,2003
4630,20,2003
4629,20,2003
4628,20,2003
4627,20,2003
4626,20,2003
4625,20,2003
4624,20,2003
4623,20,2003
4622,20,2003
4621,20,2003
4620,20,2003
4619,20,2003
4618,20,2003
4617,20,2003
4616,20,2003
4615,20,2003
4611,20,2003
4610,20,2003
4606,20,2003
4970,20,2003
4969,20,2003
4968,20,2003
3125,20,2003
4967,20,2003
4966,20,2003
4965,20,2003
4782,20,2003
4964,20,2003
3124,20,2003
4676,20,2003
4673,20,2003
4671,20,2003
4670,20,2003
4614,20,2003
4669,20,2003
3121,20,2003
3119,20,2003
3127,20,2003
3126,20,2003
3123,20,2003
3122,20,2003
3015,20,2003
3132,20,2003
3131,20,2003
3130,20,2003
3129,20,2003
3128,20,2003
4665,20,2003
4664,20,2003
4662,20,2003
4661,20,2003
4652,20,2003
4660,20,2003
4659,20,2003
3342,20,2003
5017,20,2003
5016,20,2003
5015,20,2003
5014,20,2003
4657,20,2003
4656,20,2003
4655,20,2003
4654,20,2003
3601,20,2003
3326,20,2003
3324,20,2003
3320,20,2003
2037,20,2003
2039,19,2002
2746,19,2002
2745,19,2002
2744,19,2002
2743,19,2002
2742,19,2002
2741,19,2002
2740,19,2002
2739,19,2002
2738,19,2002
4241,19,2002
4612,19,2002
2719,19,2002
2718,19,2002
2717,19,2002
2716,19,2002
2715,19,2002
2714,19,2002
2713,19,2002
2712,19,2002
2711,19,2002
2145,19,2002
2671,19,2002
2670,19,2002
1188,19,2002
1185,19,2002
2669,19,2002
2668,19,2002
2667,19,2002
2666,19,2002
2665,19,2002
2664,19,2002
2663,19,2002
2662,19,2002
2661,19,2002
2660,19,2002
2659,19,2002
2658,19,2002
2657,19,2002
2656,19,2002
2655,19,2002
2653,19,2002
2652,19,2002
2651,19,2002
2650,19,2002
1361,19,2002
1360,19,2002
1359,19,2002
1358,19,2002
1357,19,2002
1356,19,2002
1355,19,2002
1354,19,2002
1353,19,2002
1352,19,2002
3092,19,2002
1577,19,2002
3091,19,2002
3089,19,2002
3088,19,2002
2770,19,2002
2769,19,2002
2768,19,2002
2767,19,2002
2766,19,2002
2765,19,2002
2764,19,2002
895,19,2002
894,19,2002
868,19,2002
860,19,2002
861,19,2002
2787,19,2002
2786,19,2002
2785,19,2002
2784,19,2002
2783,19,2002
2782,19,2002
2781,19,2002
2780,19,2002
2779,19,2002
2778,19,2002
2777,19,2002
2776,19,2002
2775,19,2002
2810,19,2002
2809,19,2002
2808,19,2002
2807,19,2002
2806,19,2002
2805,19,2002
2804,19,2002
2803,19,2002
2802,19,2002
2801,19,2002
2800,19,2002
2799,19,2002
2798,19,2002
2797,19,2002
2831,19,2002
2830,19,2002
2829,19,2002
2828,19,2002
2849,19,2002
2848,19,2002
2847,19,2002
2846,19,2002
2845,19,2002
2927,19,2002
2926,19,2002
2925,19,2002
2924,19,2002
2923,19,2002
2922,19,2002
2921,19,2002
2920,19,2002
2919,19,2002
2918,19,2002
2844,19,2002
2843,19,2002
2842,19,2002
2841,19,2002
2840,19,2002
2839,19,2002
2838,19,2002
2866,19,2002
2865,19,2002
2864,19,2002
2863,19,2002
2862,19,2002
2861,19,2002
2860,19,2002
2903,19,2002
819,19,2002
3066,19,2002
816,19,2002
1341,19,2002
3064,19,2002
2902,19,2002
2901,19,2002
2900,19,2002
2899,19,2002
2895,19,2002
2894,19,2002
2893,19,2002
2890,19,2002
2889,19,2002
2888,19,2002
2881,19,2002
2880,19,2002
2879,19,2002
2878,19,2002
2877,19,2002
2876,19,2002
2875,19,2002
2914,19,2002
2913,19,2002
2912,19,2002
2911,19,2002
2910,19,2002
4613,19,2002
2203,19,2002
974,19,2002
963,19,2002
951,19,2002
934,19,2002
2616,19,2002
2615,19,2002
2950,19,2002
2949,19,2002
2948,19,2002
2947,19,2002
2946,19,2002
2945,19,2002
2944,19,2002
2943,19,2002
2942,19,2002
2941,19,2002
2635,19,2002
2634,19,2002
2633,19,2002
2632,19,2002
2631,19,2002
2630,19,2002
2629,19,2002
2628,19,2002
2627,19,2002
2626,19,2002
2625,19,2002
2624,19,2002
2623,19,2002
2621,19,2002
2620,19,2002
2619,19,2002
2618,19,2002
2612,19,2002
2611,19,2002
2610,19,2002
2609,19,2002
2607,19,2002
2605,19,2002
2604,19,2002
2600,19,2002
2599,19,2002
2598,19,2002
2597,19,2002
2596,19,2002
2595,19,2002
2593,19,2002
2592,19,2002
2591,19,2002
2589,19,2002
2587,19,2002
3075,19,2002
1609,19,2002
3074,19,2002
3073,19,2002
2582,19,2002
2580,19,2002
2578,19,2002
2577,19,2002
897,19,2002
367,19,2002
365,19,2002
908,19,2002
907,19,2002
1519,19,2002
1664,18,2001
1661,18,2001
1660,18,2001
1657,18,2001
931,18,2001
928,18,2001
1622,18,2001
1549,18,2001
1548,18,2001
1547,18,2001
1546,18,2001
1545,18,2001
1544,18,2001
1543,18,2001
1541,18,2001
1540,18,2001
1468,18,2001
1467,18,2001
1466,18,2001
1465,18,2001
1464,18,2001
1460,18,2001
1459,18,2001
1458,18,2001
1457,18,2001
1456,18,2001
1163,18,2001
1162,18,2001
1161,18,2001
1160,18,2001
1159,18,2001
1097,18,2001
1096,18,2001
1095,18,2001
1094,18,2001
1103,18,2001
1102,18,2001
1101,18,2001
566,18,2001
565,18,2001
561,18,2001
560,18,2001
557,18,2001
553,18,2001
549,18,2001
548,18,2001
342,18,2001
546,18,2001
1100,18,2001
1753,18,2001
1749,18,2001
1747,18,2001
1746,18,2001
1743,18,2001
1742,18,2001
1741,18,2001
1739,18,2001
1738,18,2001
1730,18,2001
1729,18,2001
1722,18,2001
1719,18,2001
1718,18,2001
1453,18,2001
1452,18,2001
1451,18,2001
1450,18,2001
1442,18,2001
1441,18,2001
1421,18,2001
1420,18,2001
1419,18,2001
1418,18,2001
1417,18,2001
1416,18,2001
1415,18,2001
1414,18,2001
1413,18,2001
1412,18,2001
1388,18,2001
1386,18,2001
1222,18,2001
1219,18,2001
1184,18,2001
1140,18,2001
1124,18,2001
1123,18,2001
1122,18,2001
1121,18,2001
1120,18,2001
1092,18,2001
1091,18,2001
1090,18,2001
1089,18,2001
1087,18,2001
1086,18,2001
1085,18,2001
1084,18,2001
1083,18,2001
1076,18,2001
1075,18,2001
1074,18,2001
1073,18,2001
1072,18,2001
1066,18,2001
1065,18,2001
1064,18,2001
1063,18,2001
1062,18,2001
1057,18,2001
1056,18,2001
1055,18,2001
1037,18,2001
1036,18,2001
1035,18,2001
1034,18,2001
1033,18,2001
1032,18,2001
1031,18,2001
1030,18,2001
1029,18,2001
1028,18,2001
1027,18,2001
1026,18,2001
326,18,2001
325,18,2001
327,18,2001
1021,18,2001
1020,18,2001
1010,18,2001
296,18,2001
1009,18,2001
1008,18,2001
1007,18,2001
1005,18,2001
1004,18,2001
1003,18,2001
1002,18,2001
1001,18,2001
1000,18,2001
999,18,2001
998,18,2001
997,18,2001
996,18,2001
992,18,2001
991,18,2001
990,18,2001
989,18,2001
988,18,2001
462,18,2001
461,18,2001
460,18,2001
450,18,2001
449,18,2001
446,18,2001
441,18,2001
437,18,2001
436,18,2001
435,18,2001
430,18,2001
429,18,2001
407,18,2001
403,18,2001
404,18,2001
402,18,2001
393,18,2001
409,18,2001
467,18,2001
466,18,2001
1586,17,2000
1585,17,2000
878,17,2000
862,17,2000
847,17,2000
717,17,2000
385,17,2000
1584,17,2000
1583,17,2000
1582,17,2000
4609,17,2000
4605,17,2000
1581,17,2000
1580,17,2000
1579,17,2000
1578,17,2000
1575,17,2000
1574,17,2000
1573,17,2000
1572,17,2000
2023,17,2000
1571,17,2000
1570,17,2000
1569,17,2000
1568,17,2000
1567,17,2000
1566,17,2000
1565,17,2000
1564,17,2000
1285,17,2000
1284,17,2000
1283,17,2000
1282,17,2000
1281,17,2000
1280,17,2000
1279,17,2000
4603,17,2000
1563,17,2000
1562,17,2000
4602,17,2000
1561,17,2000
1560,17,2000
1559,17,2000
1291,17,2000
1558,17,2000
1557,17,2000
1556,17,2000
1555,17,2000
1554,17,2000
1553,17,2000
1538,17,2000
1537,17,2000
1536,17,2000
1535,17,2000
1534,17,2000
1533,17,2000
1532,17,2000
1531,17,2000
1530,17,2000
1529,17,2000
1528,17,2000
1527,17,2000
1526,17,2000
1525,17,2000
1524,17,2000
1523,17,2000
1522,17,2000
1521,17,2000
1520,17,2000
1494,17,2000
1493,17,2000
1492,17,2000
1491,17,2000
1275,17,2000
1490,17,2000
1489,17,2000
1488,17,2000
1487,17,2000
1486,17,2000
1485,17,2000
1484,17,2000
1500,17,2000
1499,17,2000
1515,17,2000
1514,17,2000
1513,17,2000
1512,17,2000
1511,17,2000
1510,17,2000
1509,17,2000
1508,17,2000
1507,17,2000
1506,17,2000
1505,17,2000
2015,17,2000
1504,17,2000
1503,17,2000
1606,17,2000
1605,17,2000
1604,17,2000
1603,17,2000
1602,17,2000
1601,17,2000
1600,17,2000
1599,17,2000
1598,17,2000
1597,17,2000
1596,17,2000
1595,17,2000
1593,17,2000
1592,17,2000
1591,17,2000
1590,17,2000
1589,17,2000
1588,17,2000
1778,17,2000
3058,17,2000
3056,17,2000
3052,17,2000
3049,17,2000
458,17,2000
456,17,2000
454,17,2000
2282,17,2000
2281,17,2000
2280,17,2000
2279,17,2000
2278,17,2000
2277,17,2000
2276,17,2000
2275,17,2000
2260,17,2000
2259,17,2000
2258,17,2000
2257,17,2000
2256,17,2000
2255,17,2000
2254,17,2000
2251,17,2000
2250,17,2000
2249,17,2000
2248,17,2000
2247,17,2000
2246,17,2000
2245,17,2000
3113,17,2000
3112,17,2000
3111,17,2000
3105,17,2000
3107,17,2000
2237,17,2000
2236,17,2000
2235,17,2000
2234,17,2000
2233,17,2000
2232,17,2000
2221,17,2000
2220,17,2000
2219,17,2000
2218,17,2000
2217,17,2000
2216,17,2000
2215,17,2000
2214,17,2000
2213,17,2000
2212,17,2000
2211,17,2000
2210,17,2000
2209,17,2000
2208,17,2000
1877,17,2000
1876,17,2000
1873,17,2000
2298,17,2000
2297,17,2000
2296,17,2000
2295,17,2000
2294,17,2000
2293,17,2000
2292,17,2000
318,17,2000
2291,17,2000
2290,17,2000
1867,17,2000
1866,17,2000
147,17,2000
145,17,2000
140,17,2000
138,17,2000
137,17,2000
1861,17,2000
1859,17,2000
1857,17,2000
1855,17,2000
1854,17,2000
1853,17,2000
1852,17,2000
1849,17,2000
1848,17,2000
1847,17,2000
1845,17,2000
1843,17,2000
1278,17,2000
1841,17,2000
1840,17,2000
3103,17,2000
3101,17,2000
3099,17,2000
1258,17,2000
3097,17,2000
1839,17,2000
1837,17,2000
1836,17,2000
1834,17,2000
1833,17,2000
1831,17,2000
1830,17,2000
1827,17,2000
1826,17,2000
1825,17,2000
1818,17,2000
1816,17,2000
1815,17,2000
1812,17,2000
1809,17,2000
1808,17,2000
1807,17,2000
1806,17,2000
1790,17,2000
1789,17,2000
1039,16,1999
1025,16,1999
1016,16,1999
1863,16,1999
1862,16,1999
1012,16,1999
1011,16,1999
1006,16,1999
994,16,1999
987,16,1999
985,16,1999
204,16,1999
1015,16,1999
1018,16,1999
911,16,1999
2121,16,1999
2120,16,1999
2119,16,1999
2118,16,1999
2117,16,1999
2116,16,1999
2115,16,1999
2114,16,1999
2113,16,1999
2112,16,1999
2111,16,1999
2110,16,1999
2108,16,1999
2106,16,1999
2104,16,1999
2103,16,1999
2101,16,1999
2099,16,1999
2098,16,1999
2097,16,1999
2095,16,1999
2093,16,1999
2091,16,1999
1315,16,1999
4597,16,1999
1314,16,1999
1316,16,1999
1313,16,1999
1312,16,1999
1311,16,1999
1305,16,1999
1304,16,1999
1303,16,1999
1302,16,1999
1300,16,1999
1298,16,1999
299,16,1999
1297,16,1999
1295,16,1999
1293,16,1999
1824,16,1999
1823,16,1999
1822,16,1999
1821,16,1999
1820,16,1999
1819,16,1999
2089,16,1999
2088,16,1999
2087,16,1999
2084,16,1999
2083,16,1999
2082,16,1999
2080,16,1999
2079,16,1999
2077,16,1999
2076,16,1999
2074,16,1999
2073,16,1999
2071,16,1999
2069,16,1999
2068,16,1999
2065,16,1999
2064,16,1999
2062,16,1999
2060,16,1999
2058,16,1999
2057,16,1999
2056,16,1999
2054,16,1999
2051,16,1999
2050,16,1999
2049,16,1999
2048,16,1999
2047,16,1999
2046,16,1999
1636,16,1999
1635,16,1999
1634,16,1999
1633,16,1999
270,16,1999
1654,16,1999
1653,16,1999
1652,16,1999
1651,16,1999
1650,16,1999
1649,16,1999
1648,16,1999
1647,16,1999
1646,16,1999
1645,16,1999
1644,16,1999
1643,16,1999
2036,16,1999
2035,16,1999
2034,16,1999
2140,16,1999
2139,16,1999
2138,16,1999
2137,16,1999
2136,16,1999
2135,16,1999
2133,16,1999
2132,16,1999
2131,16,1999
2129,16,1999
2033,16,1999
2032,16,1999
2031,16,1999
2030,16,1999
2029,16,1999
2028,16,1999
2027,16,1999
2026,16,1999
2025,16,1999
2024,16,1999
2022,16,1999
2021,16,1999
2020,16,1999
2019,16,1999
2018,16,1999
2017,16,1999
2016,16,1999
2014,16,1999
2012,16,1999
2011,16,1999
2010,16,1999
2009,16,1999
2008,16,1999
2007,16,1999
2006,16,1999
2005,16,1999
2003,16,1999
2002,16,1999
2001,16,1999
2000,16,1999
2188,16,1999
2187,16,1999
2186,16,1999
2185,16,1999
2184,16,1999
2183,16,1999
2182,16,1999
2181,16,1999
2180,16,1999
2179,16,1999
2178,16,1999
2177,16,1999
2176,16,1999
2169,16,1999
2168,16,1999
2167,16,1999
2166,16,1999
2165,16,1999
2164,16,1999
2161,16,1999
2157,16,1999
2156,16,1999
2155,16,1999
2154,16,1999
2153,16,1999
2505,16,1999
2503,16,1999
2502,16,1999
2499,16,1999
2490,16,1999
2481,16,1999
2480,16,1999
2479,16,1999
2478,16,1999
2477,16,1999
2476,16,1999
2475,16,1999
2474,16,1999
2473,16,1999
2472,16,1999
2150,16,1999
2149,16,1999
2148,16,1999
1618,16,1999
1617,16,1999
1616,16,1999
1615,16,1999
206,16,1999
1630,16,1999
1629,16,1999
1628,16,1999
1627,16,1999
1639,16,1999
1626,16,1999
1625,16,1999
1624,16,1999
1623,16,1999
1714,16,1999
1713,16,1999
1712,16,1999
1711,16,1999
1710,16,1999
1709,16,1999
1708,16,1999
1707,16,1999
1706,16,1999
1705,16,1999
1704,16,1999
1703,16,1999
1702,16,1999
2043,16,1999
2042,16,1999
2041,16,1999
2040,16,1999
2038,16,1999
2498,16,1999
2496,16,1999
2494,16,1999
2493,16,1999
2144,16,1999
